Workbook

Sheet Sheet1
A1: Facno | B1: facName | C1: YearEstablished | D1: Method | E1: IsActive | F1: GramaNiladhariDivision | G1: Village | H1: ElevationHeight | I1: GreenTeaAvgQty | J1: FacAddress | K1: capacity | L1: Elvation | M1: subelevation | N1: AdminDistrict | O1: DSDivision | P1: ATCReg | Q1: InspectorRegion | R1: Agrodiv | S1: ManagementType | T1: Location
A2: MF0003 | B2: OLIPHANT | C2: 2021 | D2: OTHER | E2: 0 | F2: 535N Kalapura/Shanthipura | G2: Shanthipura | H2: 6700 | I2: 6500 | J2: Nuwaraeliya | K2: NULL | L2: High | M2: WESTERN-HIGH | N2: NUWARA ELIYA | O2: Nuwara Eliya | P2: NUWARA ELIYA | Q2: KOTHMALE | R2: NUWARA ELIYA | S2: MANAGEMENT COMPANY | T2: =Sheet4!H2 -> View Map
A3: MF0004 | B3: MATTAKELLE | C3: 1914 | D3: OTHER | E3: 1 | F3: Talawakelle | G3: Talawakelle | H3: 4500 | I3: 90000 | J3: Mattakelle Estate, Lindula | K3: 55000 | L3: High | M3: WESTERN-HIGH | N3: NUWARA ELIYA | O3: Nuwara Eliya | P3: NUWARA ELIYA | Q3: THALAWAKELLE | R3: NANUOYA LINDULA TALAWAKELE | S3: MANAGEMENT COMPANY | T3: =Sheet4!H3 -> View Map
A4: MF0005 | B4: STONY CLIFF GROUP | C4: 1925 | D4: OTHER | E4: 1 | F4: Kotagala | G4: Kotagala | H4: 4670 | I4: 64000 | J4: Stony cliff Group, Kotagala, Nuwara Eliya | K4: 64000 | L4: High | M4: WESTERN-HIGH | N4: NUWARA ELIYA | O4: kothmale | P4: NUWARA ELIYA | Q4: KOTHMALE | R4: PATANA KOTAGALA | S4: MANAGEMENT COMPANY | T4: =Sheet4!H4 -> View Map
A5: MF0006 | B5: Nagastenne Refuse Tea Processing | C5: 2020 | D5: OTHER | E5: 1 | F5: Seaporth | H5: 0 | I5: 30000 | J5: Nagastenna Estate, Nawalapitiya | K5: 30000 | L5: Medium | M5: WESTERN-MEDIUM | N5: KANDY | O5: Pasbage Korale | P5: GAMPOLA | Q5: NAWALAPITIYA | R5: GAMPOLA NAWALAPITIYA DOLOSBAGE | S5: SLSPC/JEDB | T5: =Sheet4!H5 -> View Map
A6: MF0007 | B6: GALAMUDUNA | C6: 2014 | D6: OTHER | E6: 1 | F6: Uda Rambukpitiya | G6: Dolosbage | H6: 1068 | I6: 42000 | J6: Galamuduna Estate, Dolosbage | K6: 42000 | L6: Medium | M6: WESTERN-MEDIUM | N6: KANDY | O6: Ganga Ihala Korale | P6: GAMPOLA | Q6: NAWALAPITIYA | R6: GAMPOLA NAWALAPITIYA DOLOSBAGE | S6: MANAGEMENT COMPANY | T6: =Sheet4!H6 -> View Map
A7: MF0008 | B7: Goorookoya | C7: 2020 | D7: OTHER | E7: 1 | F7: Polwathura | G7: Pahala Goorookoya | H7: 610 | I7: 35000 | J7: Pahala Goorookoya,Nawalapitiya. | K7: 35000 | L7: Low | M7: LOW | N7: NUWARA ELIYA | O7: Kotmale | P7: GAMPOLA | Q7: NAWALAPITIYA | R7: GAMPOLA NAWALAPITIYA DOLOSBAGE | S7: PRIVATE | T7: =Sheet4!H7 -> View Map
A8: MF0009 | B8: Enselwatte | C8: 2005 | D8: OTHER | E8: 1 | F8: Kandilpana | H8: 0 | I8: 58000 | J8: Ensalwatta, Deniyaya | K8: 58000 | L8: Low | M8: LOW | N8: MATARA | O8: Kotapola | P8: MATARA | Q8: DENIYAYA | R8: DENIYAYA | S8: MANAGEMENT COMPANY | T8: =Sheet4!H8 -> View Map
A9: MF0010 | B9: KALUGOLLA | C9: 2005 | D9: ORTHODOX | E9: 0 | F9: NULL | G9: Dunukevila | H9: 3000 | I9: 0 | J9: Pussellawa. | K9: NULL | L9: Medium | M9: NULL | N9: KANDY | O9: Uda Palatha | P9: GAMPOLA | Q9: GAMPOLA | R9: PUSSELLAWA HEWAHETA | S9: MANAGEMENT COMPANY | T9: =Sheet4!H9 -> View Map
A10: MF0011 | B10: DIYAGAMA WEST | C10: 1936 | D10: OTHER | E10: 1 | F10: Dayagama West | H10: 0 | I10: 125000 | J10: Deyagama Bazar | K10: 73000 | L10: High | M10: WESTERN-HIGH | N10: NUWARA ELIYA | O10: Nuwara Eliya | P10: NUWARA ELIYA | Q10: THALAWAKELLE | R10: AGARAPATANA | S10: MANAGEMENT COMPANY | T10: =Sheet4!H10 -> View Map
A11: MF0012 | B11: DIYAGAMA EAST | C11: 1927 | D11: OTHER | E11: 1 | F11: Agarapatana | H11: 5500 | I11: 85000 | J11: Dayagama, Nuwara Eliya | K11: 38000 | L11: High | M11: WESTERN-HIGH | N11: NUWARA ELIYA | O11: Nuwara Eliya | P11: NUWARA ELIYA | Q11: THALAWAKELLE | R11: AGARAPATANA | S11: MANAGEMENT COMPANY | T11: =Sheet4!H11 -> View Map
A12: MF0013 | B12: NEW PEACOCK GROUP | C12: 1926 | D12: OTHER | E12: 1 | F12: Doragala | G12: Pussellawa | H12: 884 | I12: 70000 | J12: New Peacock Estate, Pussellawa | K12: 70000 | L12: Medium | M12: WESTERN-MEDIUM | N12: KANDY | O12: Uda Palatha | P12: GAMPOLA | Q12: GAMPOLA | R12: GAMPOLA NAWALAPITIYA DOLOSBAGE | S12: MANAGEMENT COMPANY | T12: =Sheet4!H12 -> View Map
A13: MF0014 | B13: NILAMBA | C13: 1984 | D13: OTHER | E13: 0 | F13: Nillamba | G13: Palledeltota | H13: 1600 | I13: 23920 | J13: Udahewaheta Estate, Galaha | K13: NULL | L13: Medium | M13: WESTERN-MEDIUM | N13: KANDY | O13: Uda Palatha | P13: GAMPOLA | Q13: KANDY | R13: KANDY MATALE KURUNEGALA | S13: PRIVATE | T13: =Sheet4!H13 -> View Map
A14: MF0015 | B14: GREAT VELLEY | C14: 2005 | D14: OTHER | E14: 0 | G14: Karagastenna | H14: 3500 | I14: 0 | J14: Deltota. | K14: NULL | L14: Medium | M14: WESTERN-MEDIUM | N14: KANDY | O14: Pata Hewaheta | P14: GAMPOLA | Q14: KANDY | R14: PUSSELLAWA HEWAHETA | S14: PRIVATE | T14: =Sheet4!H14 -> View Map
A15: MF0016 | B15: Beverley | C15: 2005 | D15: OTHER | E15: 1 | F15: Kandilpana | G15: Kiriwaldola | H15: 660 | I15: 30000 | J15: Deniyaya | K15: 30000 | L15: Low | M15: LOW | N15: MATARA | O15: Pitabeddara | P15: MATARA | Q15: DENIYAYA | R15: DENIYAYA | S15: MANAGEMENT COMPANY | T15: =Sheet4!H15 -> View Map
A16: MF0019 | B16: VELANA | C16: 0 | D16: ORTHODOX | E16: 0 | F16: Vilanagama | G16: Valangama | H16: 1992 | I16: 17748 | J16: Velangama, Akurana | K16: NULL | L16: Medium | M16: WESTERN-MEDIUM | N16: KANDY | O16: Akurana | P16: GAMPOLA | Q16: KANDY | R16: KANDY MATALE KURUNEGALA | S16: PRIVATE | T16: =Sheet4!H16 -> View Map
A17: MF0020 | B17: Kurugama | C17: 2024 | D17: OTHER | E17: 0 | F17: Kurugama | G17: Muruthalawa | H17: 762 | I17: 95000 | J17: Kurugama Estate, MuruthalwaVia Kandy | K17: 95000 | L17: Medium | M17: WESTERN-MEDIUM | N17: KANDY | O17: Yatinuwara | P17: GAMPOLA | Q17: MAWANELLA | R17: KADUGANNAWA | S17: PRIVATE | T17: =Sheet4!H17 -> View Map
A18: MF0021 | B18: GORDON | C18: 0 | D18: OTHER | E18: 1 | F18: Delmar | G18: Udapussellawa | H18: 4600 | I18: 50000 | J18: Udapussellawa | K18: 31000 | L18: High | M18: UVA-HIGH | N18: NUWARA ELIYA | O18: Walapane | P18: NUWARA ELIYA | Q18: WALAPANE | R18: UDAPUSSELLAWA HALGRANOYA | S18: MANAGEMENT COMPANY | T18: =Sheet4!H18 -> View Map
A19: MF0022 | B19: Powysland | C19: 2024 | D19: OTHER | E19: 1 | F19: DAYAGAMA | H19: 5500 | I19: 15000 | J19: Powysland Estate, Dayagama Via, Nuwara Eliya | K19: 15000 | L19: High | M19: WESTERN-HIGH | N19: NUWARA ELIYA | O19: Nuwara Eliya | P19: NUWARA ELIYA | Q19: THALAWAKELLE | R19: AGARAPATANA | S19: PRIVATE | T19: =Sheet4!H19 -> View Map
A20: MF0024 | B20: Bolagala | C20: 2016 | D20: OTHER | E20: 1 | F20: Palkumbura | G20: Palkumbura | H20: 600 | I20: 40000 | J20: Werellagama. | K20: 40000 | L20: Medium | M20: WESTERN-MEDIUM | N20: KANDY | O20: Harispattuwa | P20: GAMPOLA | Q20: KANDY | R20: KADUGANNAWA | S20: PRIVATE | T20: =Sheet4!H20 -> View Map
A21: MF0025 | B21: NEW RATHWATTE | C21: 2014 | D21: OTHER | E21: 0 | F21: Hunuketawala | G21: Ratwatta | H21: 1950 | I21: 50000 | J21: Rathwatte Estate, Udathenna, Matale | K21: NULL | L21: Medium | M21: WESTERN-MEDIUM | N21: MATALE | O21: Ukuwela | P21: GAMPOLA | Q21: MATALE | R21: KANDY MATALE KURUNEGALA | S21: PRIVATE | T21: =Sheet4!H21 -> View Map
A22: MF0029 | B22: HUGOLAND | C22: 2021 | D22: OTHER | E22: 0 | G22: Lunuwatte | H22: 3500 | I22: 0 | J22: Hugoland Estate, Lunuwatte, Welimada | K22: NULL | L22: Medium | M22: UVA-MEDIUM | N22: BADULLA | O22: Uwa Paranagama | P22: BANDARAWELA | Q22: WELIMADA | R22: UDAPUSSELLAWA HALGRANOYA | S22: MANAGEMENT COMPANY | T22: =Sheet4!H22 -> View Map
A23: MF0030 | B23: Noragalla | C23: 0 | D23: OTHER | E23: 1 | F23: POTHTHAKANDE | H23: 500 | I23: 11500 | J23: Noragalla, Nivithigala | K23: 11500 | L23: Low | M23: LOW | N23: RATNAPURA | O23: Pelmadulla | P23: RATNAPURA | Q23: RATNAPURA | R23: RATNAPURA | S23: MANAGEMENT COMPANY | T23: =Sheet4!H23 -> View Map
A24: MF0032 | B24: BROWNLOW | C24: 2021 | D24: OTHER | E24: 0 | G24: Maskeliya | H24: 1200 | I24: 90000 | J24: Brownlow Estate ,Maskeliya | K24: NULL | L24: High | M24: WESTERN-HIGH | N24: NUWARA ELIYA | O24: Ambagamuwa | P24: NUWARA ELIYA | Q24: GINIGATHHENA | R24: UPCOT MASKELIYAB8 | S24: MANAGEMENT COMPANY | T24: =Sheet4!H24 -> View Map
A25: MF0033 | B25: TROUP | C25: 0 | D25: OTHER | E25: 1 | F25: TROUP -475/A | H25: 1379 | I25: 30000 | J25: Troup Estate, Talawakelle | K25: 30000 | L25: High | M25: WESTERN-HIGH | N25: NUWARA ELIYA | O25: Nuwara Eliya | P25: NUWARA ELIYA | Q25: THALAWAKELLE | R25: NANUOYA LINDULA TALAWAKELE | S25: MANAGEMENT COMPANY | T25: =Sheet4!H25 -> View Map
A26: MF0034 | B26: STRATHSPEY | C26: 2005 | D26: OTHER | E26: 1 | F26: UPCOT | H26: 1350 | I26: 65000 | J26: Strathspey Estate, Upcot | K26: 65000 | L26: High | M26: WESTERN-HIGH | N26: NUWARA ELIYA | O26: Ambagamuwa | P26: NUWARA ELIYA | Q26: Norwood | R26: UPCOT MASKELIYAB8 | S26: MANAGEMENT COMPANY | T26: =Sheet4!H26 -> View Map
A27: MF0037 | B27: GOWERAKELLE | C27: 2005 | D27: OTHER | E27: 0 | H27: 0 | I27: 0 | K27: NULL | L27: High | M27: UVA-HIGH | N27: BADULLA | O27: Hali-Ela | P27: GAMPOLA | Q27: HALI-ELLA | R27: DEMODARA HALIELLA BADULLA | S27: PRIVATE | T27: =Sheet4!H27 -> View Map
A28: MF0039 | B28: OHIYA | C28: 2005 | D28: OTHER | E28: 0 | H28: 0 | I28: 0 | J28: Railway Station, Ohiya | K28: NULL | L28: High | M28: UVA-HIGH | N28: BADULLA | O28: NULL | P28: BANDARAWELA | Q28: NULL | R28: HAPUTALE | S28: MANAGEMENT COMPANY | T28: =Sheet4!H28 -> View Map
A29: MF0041 | B29: Debedde | C29: 2005 | D29: OTHER | E29: 1 | F29: Pelagahatenna | G29: Pelgahatenna | H29: 3648 | I29: 40000 | J29: Ury EstatePassara | K29: 40000 | L29: Medium | M29: UVA-MEDIUM | N29: BADULLA | O29: Passara | P29: BANDARAWELA | Q29: PASSARA | R29: PASSARA LUNUGALLA | S29: MANAGEMENT COMPANY | T29: =Sheet4!H29 -> View Map
A30: MF0042 | B30: HANTANE | C30: 2005 | D30: OTHER | E30: 0 | H30: 0 | I30: 0 | K30: NULL | L30: Medium | M30: WESTERN-MEDIUM | N30: KANDY | O30: Ganga wata Korale | P30: GAMPOLA | Q30: KANDY | R30: NILAMBE HANTANE GALAHA | S30: SLSPC/JEDB | T30: =Sheet4!H30 -> View Map
A31: MF0043 | B31: ST. CLAIR | C31: 0 | D31: OTHER | E31: 1 | F31: Devon | G31: Ulapane | H31: 476 | I31: 28000 | J31: St. Clair EstateThalawakelle. | K31: 28000 | L31: High | M31: WESTERN-HIGH | N31: NUWARA ELIYA | O31: Nuwara Eliya | P31: NUWARA ELIYA | Q31: THALAWAKELLE | R31: NANUOYA LINDULA TALAWAKELE | S31: MANAGEMENT COMPANY | T31: =Sheet4!H31 -> View Map
A32: MF0044 | B32: MAHANILU | C32: 2014 | D32: OTHER | E32: 1 | F32: Mahanilu (320K) | H32: 4224 | I32: 25000 | J32: Mahanilu EstateUpcot | K32: 25000 | L32: High | M32: WESTERN-HIGH | N32: NUWARA ELIYA | O32: Ambagamuwa | P32: NUWARA ELIYA | Q32: Norwood | R32: UPCOT MASKELIYAB8 | S32: MANAGEMENT COMPANY | T32: =Sheet4!H32 -> View Map
A33: MF0048 | B33: Needwood | C33: 2024 | D33: OTHER | E33: 1 | F33: Haldamulla | G33: Needwood Estate | H33: 1450 | I33: 15000 | J33: Needwood Estate,Haldummulla,Badulla. | K33: 15000 | L33: High | M33: UVA-HIGH | N33: BADULLA | O33: Haldummulla | P33: BANDARAWELA | Q33: BANDARAWELA | R33: KOSLANDA HALDUMULLA | S33: PRIVATE | T33: =Sheet4!H33 -> View Map
A34: MF0049 | B34: Iddalgashinna | C34: 1940 | D34: OTHER | E34: 1 | F34: Beragala | G34: Idalgashinna | H34: 5000 | I34: 18000 | J34: IddalgashinnaBandarawela | K34: 18000 | L34: High | M34: UVA-HIGH | N34: BADULLA | O34: Haldummulla | P34: BANDARAWELA | Q34: BANDARAWELA | R34: HAPUTALE | S34: PRIVATE | T34: =Sheet4!H34 -> View Map
A35: MF0056 | B35: HELLBODDE | C35: 1953 | D35: OTHER | E35: 1 | F35: Katulithula | G35: Helbodde | H35: 4900 | I35: 64000 | J35: Hellbodde EstateKatukitula | K35: 64000 | L35: High | M35: WESTERN-HIGH | N35: NUWARA ELIYA | O35: kothmale | P35: NUWARA ELIYA | Q35: KOTHMALE | R35: PUSSELLAWA HEWAHETA | S35: MANAGEMENT COMPANY | T35: =Sheet4!H35 -> View Map
A36: MF0061 | B36: Handford | C36: 2005 | D36: OTHER | E36: 1 | F36: Kalugalahena | G36: Deniyaya | H36: 1500 | I36: 26000 | J36: Handford EstateDeniyaya | K36: NULL | L36: Low | M36: LOW | N36: MATARA | O36: Kotapola | P36: MATARA | Q36: DENIYAYA | R36: DENIYAYA | S36: MANAGEMENT COMPANY | T36: =Sheet4!H36 -> View Map
A37: MF0062 | B37: Kelaneiya Estates | C37: 1939 | D37: OTHER | E37: 1 | F37: 320/N,BROWNLOW | G37: Maskeliya | H37: 4364 | I37: 15000 | J37: Kelaneiya EstateMaskeliya | K37: 15000 | L37: High | M37: WESTERN-HIGH | N37: NUWARA ELIYA | O37: Ambagamuwa | P37: NUWARA ELIYA | Q37: GINIGATHHENA | R37: UPCOT MASKELIYAB8 | S37: PRIVATE | T37: =Sheet4!H37 -> View Map
A38: MF0064 | B38: Anninkande | C38: 0 | D38: OTHER | E38: 1 | F38: KALUGAHAHENA | G38: Viharahena | H38: 1738 | I38: 25000 | J38: Aninkanda EstateDeniyaya | K38: 25000 | L38: Low | M38: LOW | N38: MATARA | O38: Kotapola | P38: MATARA | Q38: DENIYAYA | R38: DENIYAYA | S38: MANAGEMENT COMPANY | T38: =Sheet4!H38 -> View Map
A39: MF0066 | B39: GOURAVILLA | C39: 1928 | D39: OTHER | E39: 1 | F39: Gauravilla | H39: 0 | I39: 46000 | J39: Gouravilla EstateUpcotMaskeliya | K39: 46000 | L39: High | M39: WESTERN-HIGH | N39: NUWARA ELIYA | O39: Ambagamuwa | P39: NUWARA ELIYA | Q39: Norwood | R39: UPCOT MASKELIYAB8 | S39: MANAGEMENT COMPANY | T39: =Sheet4!H39 -> View Map
A40: MF0067 | B40: LIDDESDALE | C40: 2005 | D40: OTHER | E40: 1 | F40: Rathnayakapura | H40: 5200 | I40: 60000 | J40: Liddesdale GroupThe Standard Tea Co Of Ceylon Ltd,Clomessrs George Steuart and Co Ltd,PO Box 151,Colombo. | K40: 60000 | L40: High | M40: UVA-HIGH | N40: NUWARA ELIYA | O40: Walapane | P40: NUWARA ELIYA | Q40: WALAPANE | R40: UDAPUSSELLAWA HALGRANOYA | S40: MANAGEMENT COMPANY | T40: =Sheet4!H40 -> View Map
A41: MF0068 | B41: GLENUGIE | C41: 2005 | D41: OTHER | E41: 0 | H41: 0 | I41: 0 | K41: NULL | L41: High | M41: WESTERN-HIGH | N41: KANDY | O41: Ambagamuwa Korale | P41: GAMPOLA | Q41: NULL | R41: UPCOT MASKELIYAB8 | S41: MANAGEMENT COMPANY | T41: =Sheet4!H41 -> View Map
A42: MF0069 | B42: KOTIYAGALLA | C42: 0 | D42: OTHER | E42: 1 | F42: Bogawanthalawa | H42: 0 | I42: 68000 | J42: Kotiyagalla GroupBagawantalawa | K42: 68000 | L42: High | M42: WESTERN-HIGH | N42: NUWARA ELIYA | O42: Ambagamuwa | P42: NUWARA ELIYA | Q42: Norwood | R42: BOGAWANTALAWA | S42: MANAGEMENT COMPANY | T42: =Sheet4!H42 -> View Map
A43: MF0070 | B43: HOONOOCOTUA | C43: 2021 | D43: OTHER | E43: 0 | H43: 3660 | I43: 0 | K43: NULL | L43: Medium | M43: NULL | N43: NUWARA ELIYA | O43: kothmale | P43: NUWARA ELIYA | Q43: KOTHMALE | R43: KOTMALE | S43: MANAGEMENT COMPANY | T43: =Sheet4!H43 -> View Map
A44: MF0071 | B44: WATTEGODDE | C44: 2005 | D44: OTHER | E44: 1 | F44: Watagoda | H44: 0 | I44: 47000 | J44: Wattegoda Estate | K44: 47000 | L44: High | M44: WESTERN-HIGH | N44: NUWARA ELIYA | O44: Nuwara Eliya | P44: NUWARA ELIYA | Q44: THALAWAKELLE | R44: NANUOYA LINDULA TALAWAKELE | S44: MANAGEMENT COMPANY | T44: =Sheet4!H44 -> View Map
A45: MF0073 | B45: ST.LEONARDS | C45: 2015 | D45: OTHER | E45: 1 | F45: 553E St. Leonards | H45: 5000 | I45: 50000 | J45: Leonards Groupragala, Halgranoya | K45: 50000 | L45: High | M45: UVA-HIGH | N45: NUWARA ELIYA | O45: Walapane | P45: NUWARA ELIYA | Q45: WALAPANE | R45: UDAPUSSELLAWA HALGRANOYA | S45: MANAGEMENT COMPANY | T45: =Sheet4!H45 -> View Map
A46: MF0074 | B46: ESKDALE | C46: 1953 | D46: OTHER | E46: 1 | F46: Kandapola | H46: 6000 | I46: 50000 | J46: Eskdale EstateUdupussellawa Plantation Ltd,Palm Garden,PO Box 08,Ratnapura. | K46: 40000 | L46: High | M46: UVA-HIGH | N46: NUWARA ELIYA | O46: Walapane | P46: NUWARA ELIYA | Q46: WALAPANE | R46: UDAPUSSELLAWA HALGRANOYA | S46: MANAGEMENT COMPANY | T46: =Sheet4!H46 -> View Map
A47: MF0076 | B47: Devitura | C47: 2023 | D47: OTHER | E47: 1 | F47: Parana Janapadaya | G47: Devithurai | H47: 60 | I47: 35000 | J47: Deviturai EstateEthkandura Elpitiya | K47: 35000 | L47: Low | M47: LOW | N47: GALLE | O47: Welivitiya Divitura | P47: GALLE | Q47: BADDEGAMA | R47: GALLE | S47: PRIVATE | T47: =Sheet4!H47 -> View Map
A48: MF0077 | B48: Malgolla | C48: 2021 | D48: OTHER | E48: 1 | F48: Pattithalawa | G48: Gamagoda | H48: 1000 | I48: 29000 | J48: Dolosbage,Kandy. | K48: 29000 | L48: Medium | M48: WESTERN-MEDIUM | N48: KANDY | O48: Ganga Ihala Korale | P48: GAMPOLA | Q48: NAWALAPITIYA | R48: GAMPOLA NAWALAPITIYA DOLOSBAGE | S48: PRIVATE | T48: =Sheet4!H48 -> View Map
A49: MF0078 | B49: BLUE FIELD | C49: 2025 | D49: OTHER | E49: 1 | F49: Palagolla | G49: Kothmale | H49: 1260 | I49: 32000 | J49: PalagollaKothmaleRambodaN'Eliya | K49: 32000 | L49: High | M49: WESTERN-HIGH | N49: NUWARA ELIYA | O49: kothmale | P49: NUWARA ELIYA | Q49: KOTHMALE | R49: RAMBODA | S49: PRIVATE | T49: =Sheet4!H49 -> View Map
A50: MF0079 | B50: Sanasa | C50: 2020 | D50: OTHER | E50: 1 | F50: NILHENA | G50: Baddegama | H50: 40 | I50: 30000 | J50: Yahaladuwa EstateBaddegama | K50: 30000 | L50: Low | M50: LOW | N50: GALLE | O50: Baddegama | P50: GALLE | Q50: BADDEGAMA | R50: GALLE | S50: CO-OP | T50: =Sheet4!H50 -> View Map
A51: MF0080 | B51: Weihena | C51: 2005 | D51: OTHER | E51: 1 | F51: WEIHENA | H51: 0 | I51: 31500 | J51: Weihena ,Baddegama. | K51: 31500 | L51: Low | M51: LOW | N51: GALLE | O51: Baddegama | P51: GALLE | Q51: BADDEGAMA | R51: GALLE | S51: PRIVATE | T51: =Sheet4!H51 -> View Map
A52: MF0081 | B52: VOGAN | C52: 2005 | D52: OTHER | E52: 1 | H52: 0 | I52: 26000 | J52: Vogan Estate,MathugamaKAlutara | K52: 26000 | L52: Low | M52: LOW | N52: KALUTARA | O52: Mathugama | P52: MATHUGAMA | Q52: MATUGAMA | R52: KALUTARA | S52: MANAGEMENT COMPANY | T52: =Sheet4!H52 -> View Map
A53: MF0083 | B53: Rilhena | C53: 2005 | D53: OTHER | E53: 1 | F53: Pathakada | H53: 97 | I53: 48000 | J53: Rilhena EstatePelmadulla | K53: 48000 | L53: Low | M53: LOW | N53: RATNAPURA | O53: Pelmadulla | P53: RATNAPURA | Q53: PELMADULLA | R53: RATNAPURA | S53: MANAGEMENT COMPANY | T53: =Sheet4!H53 -> View Map
A54: MF0085 | B54: Noori | C54: 0 | D54: OTHER | E54: 1 | F54: DODAWATTE | G54: Dodhawatte | H54: 1250 | I54: 58000 | J54: Noori Estate,Noori. | K54: 58000 | L54: Low | M54: LOW | N54: KEGALLE | O54: Deraniyagala | P54: RATNAPURA | Q54: KARAWANELLA | R54: KEGALLE | S54: MANAGEMENT COMPANY | T54: =Sheet4!H54 -> View Map
A55: MF0089 | B55: MASKELIYA | C55: 2021 | D55: OTHER | E55: 0 | H55: 0 | I55: 0 | K55: NULL | L55: High | M55: WESTERN-HIGH | N55: NUWARA ELIYA | O55: Ambagamuwa | P55: NUWARA ELIYA | Q55: GINIGATHHENA | R55: UPCOT MASKELIYAB8 | S55: MANAGEMENT COMPANY | T55: =Sheet4!H55 -> View Map
A56: MF0093 | B56: Ancoombra | C56: 2024 | D56: OTHER | E56: 1 | F56: Ankumbura(North) | G56: Ankumbura | H56: 661 | I56: 150000 | J56: Meezan Ancoombra Plantation (Pvt) Ltd392Maha Veediya,Matale. | K56: 150000 | L56: Medium | M56: WESTERN-MEDIUM | N56: KANDY | O56: Pujapitiya | P56: GAMPOLA | Q56: MATALE | R56: KANDY MATALE KURUNEGALA | S56: PRIVATE | T56: =Sheet4!H56 -> View Map
A57: MF0094 | B57: Alpitikanda | C57: 2024 | D57: OTHER | E57: 1 | F57: Kovilakanda | G57: Paranapitiya | H57: 0 | I57: 20000 | J57: Paranapitiya,Wattappola. | K57: 20000 | L57: Low | M57: LOW | N57: KANDY | O57: Udu Nuwara | P57: GAMPOLA | Q57: UDUNUWARA | R57: KADUGANNAWA | S57: PRIVATE | T57: =Sheet4!H57 -> View Map
A58: MF0096 | B58: ETTAPOLLA | C58: 2005 | D58: ORTHODOX | E58: 0 | G58: Makulemada | H58: 692 | I58: 0 | J58: Ettapola EstateOvilikanda | K58: NULL | L58: Medium | M58: NULL | N58: MATALE | O58: Ukuwela | P58: GAMPOLA | Q58: MATALE | R58: HUNASGIRIYA MATALE YAKDESSA | S58: PRIVATE | T58: =Sheet4!H58 -> View Map
A59: MF0100 | B59: Ellakanda | C59: 2005 | D59: OTHER | E59: 0 | G59: Baddegama East | H59: 100 | I59: 180000 | J59: Ellakanda EstateBaddegama | K59: NULL | L59: Low | M59: LOW | N59: GALLE | O59: Baddegama | P59: GALLE | Q59: BADDEGAMA | R59: GALLE | S59: PRIVATE | T59: =Sheet4!H59 -> View Map
A60: MF0101 | B60: Iddamaldeniya | C60: 2024 | D60: OTHER | E60: 1 | F60: Naungala | G60: Nawangala | H60: 0 | I60: 28000 | J60: Naungala,Kottawagama,Galle. | K60: 34000 | L60: Low | M60: LOW | N60: GALLE | O60: Yakkalamulla | P60: GALLE | Q60: YAKKALAMULLA | R60: GALLE | S60: PRIVATE | T60: =Sheet4!H60 -> View Map
A61: MF0103 | B61: Opatha | C61: 2005 | D61: OTHER | E61: 1 | F61: KOTAKETHENNA | H61: 0 | I61: 35000 | J61: Opata EstateKahawatte | K61: 35000 | L61: Low | M61: LOW | N61: RATNAPURA | O61: Godakawela | P61: RATNAPURA | Q61: RAKWANA | R61: RATNAPURA | S61: MANAGEMENT COMPANY | T61: =Sheet4!H61 -> View Map
A62: MF0104 | B62: Wellandura | C62: 2005 | D62: OTHER | E62: 1 | F62: Wellandura | H62: 0 | I62: 32000 | J62: Wellandura EstateKahawatte | K62: 32000 | L62: Low | M62: LOW | N62: RATNAPURA | O62: Kahawatta | P62: RATNAPURA | Q62: PELMADULLA | R62: RATNAPURA | S62: MANAGEMENT COMPANY | T62: =Sheet4!H62 -> View Map
A63: MF0105 | B63: Cannavarella | C63: 2021 | D63: OTHER | E63: 0 | F63: 87 D Cannavarella | H63: 0 | I63: 29000 | J63: Namunukula.PassaraBadulla | K63: 29000 | L63: High | M63: UVA-HIGH | N63: BADULLA | O63: Passara | P63: BANDARAWELA | Q63: PASSARA | R63: ELLA NAMUNUKULA | S63: MANAGEMENT COMPANY | T63: =Sheet4!H63 -> View Map
A64: MF0106 | B64: Mahawale | C64: 2005 | D64: OTHER | E64: 1 | H64: 0 | I64: 14500 | J64: Mahawala EstateRatnapura | K64: 14500 | L64: Low | M64: LOW | N64: RATNAPURA | O64: Ratnapura | P64: RATNAPURA | Q64: RATNAPURA | R64: RATNAPURA | S64: MANAGEMENT COMPANY | T64: =Sheet4!H64 -> View Map
A65: MF0107 | B65: Nilagama | C65: 2005 | D65: OTHER | E65: 1 | H65: 0 | I65: 36000 | J65: Palmadulla Estate,Kahawatte. | K65: 36000 | L65: Low | M65: LOW | N65: RATNAPURA | O65: Pelmadulla | P65: RATNAPURA | Q65: PELMADULLA | R65: RATNAPURA | S65: MANAGEMENT COMPANY | T65: =Sheet4!H65 -> View Map
A66: MF0108 | B66: Poronuwa | C66: 2021 | D66: OTHER | E66: 1 | F66: PORONUWA - 170B | H66: 0 | I66: 31000 | J66: Poronuwa Estate,Kahawatte. | K66: NULL | L66: Low | M66: LOW | N66: RATNAPURA | O66: Pelmadulla | P66: RATNAPURA | Q66: PELMADULLA | R66: RATNAPURA | S66: MANAGEMENT COMPANY | T66: =Sheet4!H66 -> View Map
A67: MF0109 | B67: GERAGAMA | C67: 1894 | D67: OTHER | E67: 1 | F67: Parakotawella | H67: 1700 | I67: 34000 | J67: Giragama Estatepilimatalawa | K67: 34000 | L67: Low | M67: LOW | N67: KANDY | O67: Yatinuwara | P67: GAMPOLA | Q67: NULL | R67: KADUGANNAWA | S67: MANAGEMENT COMPANY | T67: =Sheet4!H67 -> View Map
A68: MF0124 | B68: Rasota | C68: 2024 | D68: OTHER | E68: 1 | F68: ELLA 26 G | H68: 20 | I68: 72500 | J68: EllaElpitiyaGalle | K68: 72500 | L68: Low | M68: LOW | N68: GALLE | O68: Elpitiya | P68: MATHUGAMA | Q68: ELPITIYA | R68: GALLE | S68: PRIVATE | T68: =Sheet4!H68 -> View Map
A69: MF0126 | B69: Mahaweli Tea Shakthi | C69: 2022 | D69: OTHER | E69: 1 | F69: Ruwanpura | H69: 0 | I69: 29000 | J69: Ruwanpura,Nawalapitiya. | K69: 29000 | L69: Medium | M69: WESTERN-MEDIUM | N69: NUWARA ELIYA | O69: Kotmale | P69: GAMPOLA | Q69: NAWALAPITIYA | R69: GAMPOLA NAWALAPITIYA DOLOSBAGE | S69: PRIVATE | T69: =Sheet4!H69 -> View Map
A70: MF0127 | B70: Kings Valley | C70: 2021 | D70: OTHER | E70: 1 | F70: Pallegama | G70: Atabage | H70: 1400 | I70: 29000 | J70: Sanquare Estate, Pallegama,Atabage. | K70: NULL | L70: Medium | M70: WESTERN-MEDIUM | N70: KANDY | O70: Gampola | P70: GAMPOLA | Q70: GAMPOLA | R70: GAMPOLA NAWALAPITIYA DOLOSBAGE | S70: PRIVATE | T70: =Sheet4!H70 -> View Map
A71: MF0128 | B71: Pimburagala | C71: 2025 | D71: OTHER | E71: 1 | F71: Urala | G71: Urala | H71: 500 | I71: 36000 | J71: UralaWandurambaGalle | K71: 46000 | L71: Low | M71: LOW | N71: GALLE | O71: Nagoda | P71: GALLE | Q71: NAGODA | R71: GALLE | S71: PRIVATE | T71: =Sheet4!H71 -> View Map
A72: MF0131 | B72: MAHATENNE | C72: 2005 | D72: NULL | E72: 0 | F72: NULL | G72: NULL | H72: NULL | I72: NULL | K72: NULL | L72: Medium | M72: NULL | N72: MATALE | O72: NULL | P72: GAMPOLA | Q72: NULL | R72: HUNASGIRIYA MATALE YAKDESSA | S72: PRIVATE | T72: =Sheet4!H72 -> View Map
A73: MF0132 | B73: Erin | C73: 2018 | D73: OTHER | E73: 1 | F73: Doluwa | G73: Galaha | H73: 3500 | I73: 35000 | J73: Erin Estate,Panvilatenna. | K73: 35000 | L73: Medium | M73: WESTERN-MEDIUM | N73: KANDY | O73: Uda Palatha | P73: GAMPOLA | Q73: KANDY | R73: GAMPOLA NAWALAPITIYA DOLOSBAGE | S73: PRIVATE | T73: =Sheet4!H73 -> View Map
A74: MF0141 | B74: Alma | C74: 2025 | D74: OTHER | E74: 1 | F74: kurunduoya | H74: 1450 | I74: 50000 | J74: Alma Estate,Kadapola. | K74: 50000 | L74: High | M74: UVA-HIGH | N74: NUWARA ELIYA | O74: Walapane | P74: NUWARA ELIYA | Q74: WALAPANE | R74: MATURATA | S74: PRIVATE | T74: =Sheet4!H74 -> View Map
A75: MF0142 | B75: Sirimevana | C75: 2005 | D75: OTHER | E75: 1 | F75: Yakkalamulla East | H75: 0 | I75: 40000 | J75: SirimewanaYakkalamulla | K75: 40000 | L75: Low | M75: LOW | N75: GALLE | O75: Yakkalamulla | P75: GALLE | Q75: YAKKALAMULLA | R75: GALLE | S75: PRIVATE | T75: =Sheet4!H75 -> View Map
A76: MF0144 | B76: FERHAM | C76: 1940 | D76: OTHER | E76: 0 | G76: Lindula | H76: 4500 | I76: 10900 | J76: Ferham EstateTalawakelle | K76: NULL | L76: High | M76: WESTERN-HIGH | N76: NUWARA ELIYA | O76: Nuwara Eliya | P76: NUWARA ELIYA | Q76: THALAWAKELLE | R76: NANUOYA LINDULA TALAWAKELE | S76: MANAGEMENT COMPANY | T76: =Sheet4!H76 -> View Map
A77: MF0146 | B77: GALLEBODDE | C77: 2005 | D77: OTHER | E77: 0 | H77: 0 | I77: 0 | J77: Galaboda Estate | K77: NULL | L77: Medium | M77: WESTERN-MEDIUM | N77: KANDY | O77: Ganga Ihala Korale | P77: GAMPOLA | Q77: NAWALAPITIYA | R77: WATAWALA GINIGAT NOTRON | S77: SLSPC/JEDB | T77: =Sheet4!H77 -> View Map
A78: MF0147 | B78: RAYIGAMA | C78: 2005 | D78: OTHER | E78: 1 | F78: Mahaingiriya | H78: 0 | I78: 62500 | J78: Raygama EstateIngiriyaKalutara | K78: 62500 | L78: Low | M78: LOW | N78: KALUTARA | O78: Horana | P78: MATHUGAMA | Q78: INGIRIYA | R78: KALUTARA | S78: MANAGEMENT COMPANY | T78: =Sheet4!H78 -> View Map
A79: MF0148 | B79: Raxawa | C79: 2024 | D79: OTHER | E79: 1 | F79: Panwila | G79: Panwila | H79: 800 | I79: 85000 | J79: Panwila,Kandy. | K79: 85000 | L79: Medium | M79: WESTERN-MEDIUM | N79: KANDY | O79: Pata Dumbara | P79: GAMPOLA | Q79: MATALE | R79: MADULKELLE KNUCKLES RANGA | S79: PRIVATE | T79: =Sheet4!H79 -> View Map
A80: MF0149 | B80: HAGALLA | C80: 2005 | D80: OTHER | E80: 0 | H80: 0 | I80: 0 | J80: Hagalla Estate | K80: NULL | L80: Medium | M80: WESTERN-MEDIUM | N80: KANDY | O80: NULL | P80: GAMPOLA | Q80: NULL | R80: MADULKELLE KNUCKLES RANGA | S80: SLSPC/JEDB | T80: =Sheet4!H80 -> View Map
A81: MF0150 | B81: New Orayan | C81: 2022 | D81: OTHER | E81: 1 | F81: Orayan Watta | H81: 0 | I81: 50000 | J81: Orayan Estate,Wewathenna,Gampola. | K81: 50000 | L81: Medium | M81: WESTERN-MEDIUM | N81: KANDY | O81: Doluwa | P81: GAMPOLA | Q81: GAMPOLA | R81: GAMPOLA NAWALAPITIYA DOLOSBAGE | S81: PRIVATE | T81: =Sheet4!H81 -> View Map
A82: MF0153 | B82: Uva Ketawella | C82: 2021 | D82: OTHER | E82: 0 | F82: Landewela | H82: 3000 | I82: 15500 | J82: Dickwella EstateHali-Ela | K82: NULL | L82: Medium | M82: UVA-MEDIUM | N82: BADULLA | O82: Hali-Ela | P82: BANDARAWELA | Q82: HALI-ELLA | R82: DEMODARA HALIELLA BADULLA | S82: MANAGEMENT COMPANY | T82: =Sheet4!H82 -> View Map
A83: MF0155 | B83: St James | C83: 2005 | D83: OTHER | E83: 0 | F83: Morethota | G83: Hali-Ela | H83: 0 | I83: 85000 | J83: Hali Ella | K83: 85000 | L83: High | M83: UVA-HIGH | N83: BADULLA | O83: Hali-Ela | P83: BANDARAWELA | Q83: HALI-ELLA | R83: MALWATTE WELIMADA | S83: MANAGEMENT COMPANY | T83: =Sheet4!H83 -> View Map
A84: MF0156 | B84: Uva Highlands | C84: 2005 | D84: OTHER | E84: 1 | F84: Maligatenna | H84: 4000 | I84: 75000 | J84: Uva Hilands EstateBandarawela | K84: 75000 | L84: High | M84: UVA-HIGH | N84: BADULLA | O84: Hali-Ela | P84: BANDARAWELA | Q84: BANDARAWELA | R84: MALWATTE WELIMADA | S84: MANAGEMENT COMPANY | T84: =Sheet4!H84 -> View Map
A85: MF0159 | B85: STOCKHOLM | C85: 1931 | D85: OTHER | E85: 1 | G85: Upcot | H85: 4800 | I85: 35000 | J85: Stockholm EstateNorwood | K85: 35000 | L85: High | M85: WESTERN-HIGH | N85: NUWARA ELIYA | O85: Ambagamuwa | P85: NUWARA ELIYA | Q85: Norwood | R85: UPCOT MASKELIYAB8 | S85: MANAGEMENT COMPANY | T85: =Sheet4!H85 -> View Map
A86: MF0160 | B86: Pussatenna | C86: 2025 | D86: OTHER | E86: 1 | F86: Lagumdeniya | G86: Lagumdeniya | H86: 2300 | I86: 27000 | J86: Pussatenne Estate,Panvilatenna,Gampola. | K86: 27000 | L86: Medium | M86: WESTERN-MEDIUM | N86: KANDY | O86: Doluwa | P86: GAMPOLA | Q86: GAMPOLA | R86: GAMPOLA NAWALAPITIYA DOLOSBAGE | S86: PRIVATE | T86: =Sheet4!H86 -> View Map
A87: MF0163 | B87: Neluwa | C87: 2018 | D87: OTHER | E87: 1 | F87: 56C-Uva Mahawela | H87: 0 | I87: 50000 | J87: Neluwa EstateBandarawela | K87: 50000 | L87: High | M87: UVA-HIGH | N87: BADULLA | O87: Hali-Ela | P87: BANDARAWELA | Q87: HALI-ELLA | R87: MALWATTE WELIMADA | S87: MANAGEMENT COMPANY | T87: =Sheet4!H87 -> View Map
A88: MF0164 | B88: IMBOOLPITIYA | C88: 2005 | D88: OTHER | E88: 1 | F88: IMBULPITIYA | H88: 0 | I88: 32500 | J88: Imbulpitiya EstateNawalapitiya | K88: 32500 | L88: Medium | M88: WESTERN-MEDIUM | N88: KANDY | O88: Ganga Ihala Korale | P88: GAMPOLA | Q88: NAWALAPITIYA | R88: GAMPOLA NAWALAPITIYA DOLOSBAGE | S88: MANAGEMENT COMPANY | T88: =Sheet4!H88 -> View Map
A89: MF0166 | B89: Embuldeniya | C89: 2005 | D89: OTHER | E89: 0 | F89: Embuldeniya | H89: 0 | I89: 16000 | J89: EmbuldeniyaRatnapura | K89: NULL | L89: Low | M89: LOW | N89: RATNAPURA | O89: Ratnapura | P89: RATNAPURA | Q89: RATNAPURA | R89: RATNAPURA | S89: PRIVATE | T89: =Sheet4!H89 -> View Map
A90: MF0168 | B90: ENDANE | C90: 2005 | D90: OTHER | E90: 1 | F90: Endana | H90: 0 | I90: 37000 | J90: Endane EstateKahawatte | K90: 37000 | L90: Low | M90: LOW | N90: RATNAPURA | O90: Kahawatta | P90: RATNAPURA | Q90: RAKWANA | R90: RATNAPURA | S90: MANAGEMENT COMPANY | T90: =Sheet4!H90 -> View Map
A91: MF0169 | B91: Diyanillakelle | C91: 2021 | D91: OTHER | E91: 1 | F91: Eildon Hall -475/T | G91: Diyanillakelle | H91: 1585 | I91: 18200 | J91: Diyanilakelle Estate,Lindula 22090. | K91: NULL | L91: High | M91: WESTERN-HIGH | N91: NUWARA ELIYA | O91: Nuwara Eliya | P91: NUWARA ELIYA | Q91: THALAWAKELLE | R91: NANUOYA LINDULA TALAWAKELE | S91: PRIVATE | T91: =Sheet4!H91 -> View Map
A92: MF0171 | B92: Castlemilk | C92: 1929 | D92: OTHER | E92: 1 | F92: PANVILATENNA | G92: Panwilatenne | H92: 2300 | I92: 27000 | J92: Panwilatenna,Gampola. | K92: 27000 | L92: Medium | M92: WESTERN-MEDIUM | N92: KANDY | O92: Doluwa | P92: GAMPOLA | Q92: GAMPOLA | R92: GAMPOLA NAWALAPITIYA DOLOSBAGE | S92: PRIVATE | T92: =Sheet4!H92 -> View Map
A93: MF0173 | B93: Baranagala | C93: 2017 | D93: OTHER | E93: 1 | F93: Raxawa | G93: Dolosbage | H93: 916 | I93: 19000 | J93: Raxawa,Udahentenna. | K93: 19000 | L93: Medium | M93: WESTERN-MEDIUM | N93: KANDY | O93: Ganga Ihala Korale | P93: GAMPOLA | Q93: NAWALAPITIYA | R93: GAMPOLA NAWALAPITIYA DOLOSBAGE | S93: PRIVATE | T93: =Sheet4!H93 -> View Map
A94: MF0175 | B94: Bramley | C94: 2020 | D94: OTHER | E94: 1 | F94: Pinkanthalawa | G94: Kandapola | H94: 5300 | I94: 39000 | J94: Bramley Estate,Kandapola. | K94: NULL | L94: High | M94: WESTERN-HIGH | N94: NUWARA ELIYA | O94: Walapane | P94: NUWARA ELIYA | Q94: WALAPANE | R94: UDAPUSSELLAWA HALGRANOYA | S94: MANAGEMENT COMPANY | T94: =Sheet4!H94 -> View Map
A95: MF0178 | B95: OONAGALLA | C95: 2005 | D95: ORTHODOX | E95: 0 | H95: 0 | I95: 0 | K95: NULL | L95: Medium | M95: NULL | N95: KANDY | O95: NULL | P95: GAMPOLA | Q95: NULL | R95: KANDY MATALE KURUNEGALA | S95: MANAGEMENT COMPANY | T95: =Sheet4!H95 -> View Map
A96: MF0181 | B96: Ceciliyan | C96: 2005 | D96: OTHER | E96: 1 | F96: Thapaswarakanda | H96: 0 | I96: 350000 | J96: Ceciliyan EstateThapaswarakandaKalawanaRatnapura | K96: 315000 | L96: Low | M96: LOW | N96: RATNAPURA | O96: Kalawana | P96: RATNAPURA | Q96: KALAWANA | R96: RATNAPURA | S96: PRIVATE | T96: =Sheet4!H96 -> View Map
A97: MF0183 | B97: New Kandagastenne | C97: 2005 | D97: OTHER | E97: 1 | F97: PELMADULLAGAMA | H97: 330 | I97: 150000 | J97: Bathgamgoda, Pelmadulla. | K97: 150000 | L97: Low | M97: LOW | N97: RATNAPURA | O97: Pelmadulla | P97: RATNAPURA | Q97: PELMADULLA | R97: BALANGODA | S97: PRIVATE | T97: =Sheet4!H97 -> View Map
A98: MF0184 | B98: Rekadahena | C98: 2005 | D98: OTHER | E98: 1 | F98: Kahaduwa | H98: 0 | I98: 65000 | J98: Rekadahena EstateKahaduwa | K98: 65000 | L98: Low | M98: LOW | N98: GALLE | O98: Elpitiya | P98: GALLE | Q98: BADDEGAMA | R98: GALLE | S98: PRIVATE | T98: =Sheet4!H98 -> View Map
A99: MF0185 | B99: Gallinda | C99: 2005 | D99: OTHER | E99: 1 | F99: Talgaswala | H99: 0 | I99: 26400 | J99: Talgaswela Estate | K99: 26400 | L99: Low | M99: LOW | N99: GALLE | O99: Nagoda | P99: GALLE | Q99: NAGODA | R99: GALLE | S99: MANAGEMENT COMPANY | T99: =Sheet4!H99 -> View Map
A100: MF0187 | B100: Alagolla | C100: 0 | D100: OTHER | E100: 1 | F100: 42B Allagolla | G100: Kiriwanagama | H100: 5000 | I100: 5500 | J100: Alagolla EstateUdapussellawa | K100: 5500 | L100: High | M100: UVA-HIGH | N100: BADULLA | O100: Uwa Paranagama | P100: BANDARAWELA | Q100: WELIMADA | R100: UDAPUSSELLAWA HALGRANOYA | S100: MANAGEMENT COMPANY | T100: =Sheet4!H100 -> View Map
...

Sheet Sheet4
A1: FacNo | B1: Factory Name | C1: Distrct | D1: DS | E1: GS | F1: Village | G1: Address | H1: URL | I1: Lant | J1: Long
B2: =PROPER(Sheet1!$B2&" "&"Tea Factory") -> Oliphant Tea Factory | F2: =Sheet1!G2 -> Shanthipura | G2: =Sheet1!J2 -> Nuwaraeliya | H2: =HYPERLINK("https://www.google.com/maps/search/"&SUBSTITUTE($B2,"","+")," View Map ") -> View Map
B3: =PROPER(Sheet1!$B3&" "&"Tea Factory") -> Mattakelle Tea Factory | F3: =Sheet1!G3 -> Talawakelle | G3: =Sheet1!J3 -> Mattakelle Estate, Lindula | H3: =HYPERLINK("https://www.google.com/maps/search/"&SUBSTITUTE($B3,"","+")," View Map ") -> View Map
B4: =PROPER(Sheet1!$B4&" "&"Tea Factory") -> Stony Cliff Group Tea Factory | F4: =Sheet1!G4 -> Kotagala | G4: =Sheet1!J4 -> Stony cliff Group, Kotagala, Nuwara Eliya | H4: =HYPERLINK("https://www.google.com/maps/search/"&SUBSTITUTE($B4,"","+")," View Map ") -> View Map
B5: =PROPER(Sheet1!$B5&" "&"Tea Factory") -> Nagastenne Refuse Tea Processing Tea Factory | F5: =Sheet1!G5 -> 0 | G5: =Sheet1!J5 -> Nagastenna Estate, Nawalapitiya | H5: =HYPERLINK("https://www.google.com/maps/search/"&SUBSTITUTE($B5,"","+")," View Map ") -> View Map
B6: =PROPER(Sheet1!$B6&" "&"Tea Factory") -> Galamuduna Tea Factory | F6: =Sheet1!G6 -> Dolosbage | G6: =Sheet1!J6 -> Galamuduna Estate, Dolosbage | H6: =HYPERLINK("https://www.google.com/maps/search/"&SUBSTITUTE($B6,"","+")," View Map ") -> View Map
B7: =PROPER(Sheet1!$B7&" "&"Tea Factory") -> Goorookoya Tea Factory | F7: =Sheet1!G7 -> Pahala Goorookoya | G7: =Sheet1!J7 -> Pahala Goorookoya,Nawalapitiya. | H7: =HYPERLINK("https://www.google.com/maps/search/"&SUBSTITUTE($B7,"","+")," View Map ") -> View Map
B8: =PROPER(Sheet1!$B8&" "&"Tea Factory") -> Enselwatte Tea Factory | F8: =Sheet1!G8 -> 0 | G8: =Sheet1!J8 -> Ensalwatta, Deniyaya | H8: =HYPERLINK("https://www.google.com/maps/search/"&SUBSTITUTE($B8,"","+")," View Map ") -> View Map
B9: =PROPER(Sheet1!$B9&" "&"Tea Factory") -> Kalugolla Tea Factory | F9: =Sheet1!G9 -> Dunukevila | G9: =Sheet1!J9 -> Pussellawa. | H9: =HYPERLINK("https://www.google.com/maps/search/"&SUBSTITUTE($B9,"","+")," View Map ") -> View Map
B10: =PROPER(Sheet1!$B10&" "&"Tea Factory") -> Diyagama West Tea Factory | F10: =Sheet1!G10 -> 0 | G10: =Sheet1!J10 -> Deyagama Bazar | H10: =HYPERLINK("https://www.google.com/maps/search/"&SUBSTITUTE($B10,"","+")," View Map ") -> View Map
B11: =PROPER(Sheet1!$B11&" "&"Tea Factory") -> Diyagama East Tea Factory | F11: =Sheet1!G11 -> 0 | G11: =Sheet1!J11 -> Dayagama, Nuwara Eliya | H11: =HYPERLINK("https://www.google.com/maps/search/"&SUBSTITUTE($B11,"","+")," View Map ") -> View Map
B12: =PROPER(Sheet1!$B12&" "&"Tea Factory") -> New Peacock Group Tea Factory | F12: =Sheet1!G12 -> Pussellawa | G12: =Sheet1!J12 -> New Peacock Estate, Pussellawa | H12: =HYPERLINK("https://www.google.com/maps/search/"&SUBSTITUTE($B12,"","+")," View Map ") -> View Map
B13: =PROPER(Sheet1!$B13&" "&"Tea Factory") -> Nilamba Tea Factory | F13: =Sheet1!G13 -> Palledeltota | G13: =Sheet1!J13 -> Udahewaheta Estate, Galaha | H13: =HYPERLINK("https://www.google.com/maps/search/"&SUBSTITUTE($B13,"","+")," View Map ") -> View Map
... B1056: =PROPER(Sheet1!$B1056&" "&"Tea Factory") -> Maleesha Tea Factory | F1056: =Sheet1!G1056 -> 0 | G1056: =Sheet1!J1056 -> Omaththa,Agalawaththa. | H1056: =HYPERLINK("https://www.google.com/maps/search/"&SUBSTITUTE($B1056,"","+")," View Map ") -> View Map
